Type,SKU,Name,Published,Is featured,Visibility in catalog,Short description,Description,Date sale price starts,Date sale price ends,Tax status,Tax class,In stock?,Stock,Backorders allowed?,Sold individually?,Weight (kg),Length (cm),Width (cm),Height (cm),Allow customer reviews?,Purchase note,Sale price,Regular price,Categories,Tags,Shipping class,Images,Download limit,Download expiry days,Parent,Grouped products,Upsells,Cross-sells,External URL,Button text,Position,Attribute 1 name,Attribute 1 value(s),Attribute 1 visible,Attribute 1 global,Attribute 2 name,Attribute 2 value(s),Attribute 2 visible,Attribute 2 global,Attribute 3 name,Attribute 3 value(s),Attribute 3 visible,Attribute 3 global,Meta: _yoast_wpseo_focuskw,Meta: _yoast_wpseo_metadesc,Image Alt Text,Image Caption,Image Description
simple,B67B3EA,HP 15-fd0474nia Core i3 Laptop - B67B3EA,1,0,visible,"<h3 data-start=""..."" data-end=""..."">HP 15-fd0474nia Core i3 Laptop</h3>
<table>
<thead><tr><th></th><th></th></tr></thead>
<tbody>
<tr><td>Processor</td><td>Intel Core i3 1315U</td></tr>
<tr><td>RAM</td><td>8GB DDR4 3200MHz</td></tr>
<tr><td>Storage</td><td>512GB PCIe NVMe M.2 SSD</td></tr>
<tr><td>Display</td><td>15.6"" FHD</td></tr>
<tr><td>Operating System</td><td>Windows 11 Home</td></tr>
<tr><td>Wireless</td><td>Wi-Fi 6E, Bluetooth 5.3</td></tr>
<tr><td>Ports</td><td>USB-C, USB-A, HDMI</td></tr>
</tbody>
</table>","<h2 data-start=""..."" data-end=""..."">HP 15-fd0474nia Notebook</h2>
<p data-start=""..."" data-end=""..."">The <strong>HP 15-fd0474nia Core i3 Laptop</strong> provides essential computing capabilities for business and productivity tasks. This system integrates a 13th Gen Intel Core i3 processor, delivering efficient performance for everyday operations. Its architecture supports multitasking across various applications, ensuring a consistent user experience. Consequently, this notebook is suitable for professional environments requiring dependable hardware.</p>

<h3 data-start=""..."" data-end=""..."">Key Features</h3>
<ul data-start=""..."" data-end=""..."">
 <li data-start=""..."" data-end=""..."">
  <p data-start=""..."" data-end=""...""><strong>13th Gen Intel Core i3 Processor</strong><br />
  This processor offers optimized performance for daily business applications and web browsing.</p>
 </li>
 <li data-start=""..."" data-end=""..."">
  <p data-start=""..."" data-end=""...""><strong>High-Speed Memory and Storage</strong></p>
  <ul data-start=""..."" data-end=""..."">
   <li>Equipped with 8GB DDR4 3200MHz RAM for efficient data handling.</li>
   <li>Features a 512GB PCIe NVMe M.2 SSD, ensuring rapid boot times and application loading.</li>
  </ul>
 </li>
 <li data-start=""..."" data-end=""..."">
  <p data-start=""..."" data-end=""...""><strong>Integrated Connectivity Options</strong></p>
  <ul data-start=""..."" data-end=""..."">
   <li>Includes MediaTek Wi-Fi 6E (1x1) for high-speed wireless network access.</li>
   <li>Bluetooth 5.3 provides robust connections for peripheral devices.</li>
  </ul>
 </li>
 <li data-start=""..."" data-end=""..."">
  <p data-start=""..."" data-end=""...""><strong>15.6-inch Full HD Display</strong><br />
  The anti-glare display offers clear visuals, reducing eye strain during extended use.</p>
 </li>
 <li data-start=""..."" data-end=""..."">
  <p data-start=""..."" data-end=""...""><strong>Comprehensive Port Selection</strong></p>
  <ul data-start=""..."" data-end=""..."">
   <li>One USB Type-C 5Gbps for data transfer.</li>
   <li>Two USB Type-A 5Gbps for standard peripheral connections.</li>
   <li>One HDMI 1.4b port supports external display output.</li>
  </ul>
 </li>
 <li data-start=""..."" data-end=""..."">
  <p data-start=""..."" data-end=""...""><strong>Enhanced Conferencing Capabilities</strong><br />
  This device integrates an HP True Vision 720p HD camera with temporal noise reduction and dual array digital microphones.</p>
 </li>
 <li data-start=""..."" data-end=""..."">
  <p data-start=""..."" data-end=""...""><strong>Backlit Keyboard</strong><br />
  The illuminated keyboard facilitates typing in low-light conditions, improving productivity.</p>
 </li>
</ul>

<h3 data-start=""..."" data-end=""..."">Specifications</h3>
<div class=""TyagGW_tableContainer"">
<div class=""group TyagGW_tableWrapper flex w-fit flex-col-reverse"">
<table class=""w-fit min-w-(--thread-content-width)"" data-start=""..."" data-end=""..."">
<thead>
<tr>
<th data-start=""..."" data-end=""..."" data-col-size=""sm"">Feature</th>
<th data-start=""..."" data-end=""..."" data-col-size=""md"">Specification</th>
</tr>
</thead>
<tbody>
<tr>
<td data-start=""..."" data-end=""..."" data-col-size=""sm"">Model</td>
<td data-start=""..."" data-end=""..."" data-col-size=""md"">15-fd0474nia</td>
</tr>
<tr>
<td data-start=""..."" data-end=""..."" data-col-size=""sm"">Processor</td>
<td data-start=""..."" data-end=""..."" data-col-size=""md"">Intel Core i3 1315U</td>
</tr>
<tr>
<td data-start=""..."" data-end=""..."" data-col-size=""sm"">RAM</td>
<td data-start=""..."" data-end=""..."" data-col-size=""md"">8GB DDR4 3200MHz</td>
</tr>
<tr>
<td data-start=""..."" data-end=""..."" data-col-size=""sm"">Storage</td>
<td data-start=""..."" data-end=""..."" data-col-size=""md"">512GB PCIe NVMe M.2 SSD</td>
</tr>
<tr>
<td data-start=""..."" data-end=""..."" data-col-size=""sm"">Operating System</td>
<td data-start=""..."" data-end=""..."" data-col-size=""md"">Windows 11 Home</td>
</tr>
<tr>
<td data-start=""..."" data-end=""..."" data-col-size=""sm"">Display</td>
<td data-start=""..."" data-end=""..."" data-col-size=""md"">15.6"" FHD</td>
</tr>
<tr>
<td data-start=""..."" data-end=""..."" data-col-size=""sm"">Optical Drive</td>
<td data-start=""..."" data-end=""..."" data-col-size=""md"">No ODD</td>
</tr>
<tr>
<td data-start=""..."" data-end=""..."" data-col-size=""sm"">Wireless</td>
<td data-start=""..."" data-end=""..."" data-col-size=""md"">Wi-Fi 6E, Bluetooth 5.3</td>
</tr>
<tr>
<td data-start=""..."" data-end=""..."" data-col-size=""sm"">Camera</td>
<td data-start=""..."" data-end=""..."" data-col-size=""md"">HP True Vision 720p HD</td>
</tr>
<tr>
<td data-start=""..."" data-end=""..."" data-col-size=""sm"">Audio</td>
<td data-start=""..."" data-end=""..."" data-col-size=""md"">Dual Speakers</td>
</tr>
<tr>
<td data-start=""..."" data-end=""..."" data-col-size=""sm"">Keyboard</td>
<td data-start=""..."" data-end=""..."" data-col-size=""md"">Backlit Keyboard</td>
</tr>
<tr>
<td data-start=""..."" data-end=""..."" data-col-size=""sm"">Color</td>
<td data-start=""..."" data-end=""..."" data-col-size=""md"">Natural Silver</td>
</tr>
<tr>
<td data-start=""..."" data-end=""..."" data-col-size=""sm"">Ports</td>
<td data-start=""..."" data-end=""..."" data-col-size=""md"">1x USB-C 5Gbps, 2x USB-A 5Gbps, 1x AC smart pin, 1x HDMI 1.4b, 1x Headphone/Mic combo</td>
</tr>
<tr>
<td data-start=""..."" data-end=""..."" data-col-size=""sm"">Warranty</td>
<td data-start=""..."" data-end=""..."" data-col-size=""md"">1 Year Limited</td>
</tr>
</tbody>
</table>
</div>
</div>

<h3 data-start=""..."" data-end=""..."">What's in the Box</h3>
<ul data-start=""..."" data-end=""..."">
 <li data-start=""..."" data-end=""...""><p data-start=""..."" data-end=""..."">HP 15-fd0474nia Notebook</p></li>
 <li data-start=""..."" data-end=""...""><p data-start=""..."" data-end=""..."">AC Power Adapter</p></li>
 <li data-start=""..."" data-end=""...""><p data-start=""..."" data-end=""..."">Documentation</p></li>
</ul>

<h3 data-start=""..."" data-end=""..."">Why Choose HP 15-fd0474nia</h3>
<ul data-start=""..."" data-end=""..."">
 <li data-start=""..."" data-end=""...""><p data-start=""..."" data-end=""..."">This notebook provides a balanced configuration for general office and remote work tasks.</p></li>
 <li data-start=""..."" data-end=""...""><p data-start=""..."" data-end=""..."">Its solid-state drive significantly reduces data access times, boosting overall system responsiveness.</p></li>
 <li data-start=""..."" data-end=""...""><p data-start=""..."" data-end=""..."">The integrated Wi-Fi 6E module ensures stable and high-speed network connections for critical business operations.</p></li>
</ul>",,,taxable,,1,,0,0,,,,,1,,,,Laptops | Laptops > HP Laptops,HP | Laptop | Notebook | Core i3 | 13th Gen | Windows 11 Home | 8GB RAM | 512GB SSD | FHD Display | Wi-Fi 6E | Bluetooth 5.3 | Backlit Keyboard | USB-C | HDMI | Business Laptop | Productivity,,,,,,,,,,,0,Brand,HP,1,0,Model Number,15-fd0474nia,1,0,Processor,Intel Core i3 1315U,1,0,HP 15-fd0474nia Laptop,"The HP 15-fd0474nia Laptop features a 13th Gen Intel Core i3 processor, 8GB RAM, and a 512GB SSD. This 15.6"" FHD notebook runs Windows 11 Home.",HP 15-fd0474nia Core i3 Laptop - B67B3EA,HP 15-fd0474nia Core i3 Laptop - B67B3EA - Product Image,High-quality image of HP 15-fd0474nia Core i3 Laptop - B67B3EA showing design and features
simple,BL8P8EA,HP 15-fd0558nia Laptop - BL8P8EA,1,0,visible,"<h3 data-start="""" data-end="""">HP 15-fd0558nia Laptop</h3>
<table>
<thead>
<tr>
<th>Feature</th>
<th>Specification</th>
</tr>
</thead>
<tbody>
<tr>
<td>Processor</td>
<td>Intel Core i7 1355U (13th Gen)</td>
</tr>
<tr>
<td>RAM</td>
<td>8GB DDR4 3200 MHz</td>
</tr>
<tr>
<td>Storage</td>
<td>512GB PCIe NVMe M.2 SSD</td>
</tr>
<tr>
<td>Display</td>
<td>15.6"" FHD</td>
</tr>
<tr>
<td>Operating System</td>
<td>FreeDOS</td>
</tr>
<tr>
<td>Wireless</td>
<td>Wi-Fi 6 (2x2), Bluetooth 5.3</td>
</tr>
<tr>
<td>Ports</td>
<td>USB-C, 2x USB-A, HDMI 1.4b</td>
</tr>
<tr>
<td>Keyboard</td>
<td>Backlit</td>
</tr>
</tbody>
</table>","<h2 data-start="""" data-end="""">HP 15-fd0558nia</h2>
<p data-start="""" data-end="""">The <strong>HP 15-fd0558nia Laptop</strong> provides robust computing power for demanding business environments. This system integrates a 13th Generation Intel Core i7 processor, ensuring efficient multitasking and application execution across various professional applications. Furthermore, its architecture supports high-speed data access and reliable wireless connectivity. This portable workstation is engineered for productivity and seamless integration into existing IT infrastructures, offering a dependable platform for daily operations.</p>

<h3 data-start="""" data-end="""">Key Features</h3>
<ul data-start="""" data-end="""">
 <li data-start="""" data-end="""">
 <p data-start="""" data-end=""""><strong>Intel Core i7 1355U Processor</strong><br />Equipped with a 13th Generation Intel Core i7 1355U, offering enhanced processing power and efficiency for complex workloads.</p>
 </li>
 <li data-start="""" data-end="""">
 <p data-start="""" data-end=""""><strong>High-Speed Memory & Storage</strong><br />Features 8GB of DDR4 3200 MHz RAM for fluid application handling and a 512GB PCIe NVMe M.2 SSD for rapid boot times and data transfers.</p>
 </li>
 <li data-start="""" data-end="""">
 <p data-start="""" data-end=""""><strong>FHD Anti-Glare Display</strong><br />A 15.6-inch Full HD display provides clear visuals, optimizing readability for spreadsheets, documents, and presentations.</p>
 </li>
 <li data-start="""" data-end="""">
 <p data-start="""" data-end=""""><strong>Advanced Wireless Connectivity</strong><br />Integrated Realtek Wi-Fi 6 (2x2) and Bluetooth 5.3 wireless card ensures stable and fast network connections, supporting gigabit data rates.</p>
 </li>
 <li data-start="""" data-end="""">
 <p data-start="""" data-end=""""><strong>Comprehensive Port Selection</strong></p>
 <ul data-start="""" data-end="""">
 <li>One USB Type-C 5Gbps signaling rate (data transfer only)</li>
 <li>Two USB Type-A 5Gbps signaling rate ports</li>
 <li>One HDMI 1.4b output for external displays</li>
 <li>One AC smart pin for power input</li>
 <li>One headphone/microphone combo jack</li>
 </ul>
 </li>
 <li data-start="""" data-end="""">
 <p data-start="""" data-end=""""><strong>Integrated HD Camera & Audio</strong><br />The HP True Vision 720p HD camera includes temporal noise reduction and dual array digital microphones, facilitating clear video conferencing. Dual speakers provide adequate audio output.</p>
 </li>
 <li data-start="""" data-end="""">
 <p data-start="""" data-end=""""><strong>Backlit Keyboard & FreeDOS</strong><br />A backlit keyboard enhances usability in various lighting conditions. This device ships with FreeDOS, allowing for flexible operating system deployment.</p>
 </li>
</ul>

<h3 data-start="""" data-end="""">Specifications</h3>
<div class=""TyagGW_tableContainer"">
<div class=""group TyagGW_tableWrapper flex w-fit flex-col-reverse"">
<table class=""w-fit min-w-(--thread-content-width)"" data-start="""" data-end="""">
<thead>
<tr>
<th data-start="""" data-end="""" data-col-size=""sm"">Feature</th>
<th data-start="""" data-end="""" data-col-size=""md"">Specification</th>
</tr>
</thead>
<tbody>
<tr>
<td data-start="""" data-end="""" data-col-size=""sm"">Processor</td>
<td data-start="""" data-end="""" data-col-size=""md"">Intel Core i7 1355U (13th Gen)</td>
</tr>
<tr>
<td data-start="""" data-end="""" data-col-size=""sm"">RAM</td>
<td data-start="""" data-end="""" data-col-size=""md"">8GB DDR4 3200 MHz</td>
</tr>
<tr>
<td data-start="""" data-end="""" data-col-size=""sm"">Storage</td>
<td data-start="""" data-end="""" data-col-size=""md"">512GB PCIe NVMe M.2 SSD</td>
</tr>
<tr>
<td data-start="""" data-end="""" data-col-size=""sm"">Operating System</td>
<td data-start="""" data-end="""" data-col-size=""md"">FreeDOS</td>
</tr>
<tr>
<td data-start="""" data-end="""" data-col-size=""sm"">Display</td>
<td data-start="""" data-end="""" data-col-size=""md"">15.6"" FHD</td>
</tr>
<tr>
<td data-start="""" data-end="""" data-col-size=""sm"">Optical Drive</td>
<td data-start="""" data-end="""" data-col-size=""md"">None</td>
</tr>
<tr>
<td data-start="""" data-end="""" data-col-size=""sm"">Wireless Connectivity</td>
<td data-start="""" data-end="""" data-col-size=""md"">Realtek Wi-Fi 6 (2x2), Bluetooth 5.3</td>
</tr>
<tr>
<td data-start="""" data-end="""" data-col-size=""sm"">Camera</td>
<td data-start="""" data-end="""" data-col-size=""md"">HP True Vision 720p HD with Temporal Noise Reduction</td>
</tr>
<tr>
<td data-start="""" data-end="""" data-col-size=""sm"">Audio</td>
<td data-start="""" data-end="""" data-col-size=""md"">Dual Speakers</td>
</tr>
<tr>
<td data-start="""" data-end="""" data-col-size=""sm"">Keyboard</td>
<td data-start="""" data-end="""" data-col-size=""md"">Backlit Keyboard</td>
</tr>
<tr>
<td data-start="""" data-end="""" data-col-size=""sm"">Color</td>
<td data-start="""" data-end="""" data-col-size=""md"">Natural Silver</td>
</tr>
<tr>
<td data-start="""" data-end="""" data-col-size=""sm"">Ports</td>
<td data-start="""" data-end="""" data-col-size=""md"">1x USB Type-C 5Gbps, 2x USB Type-A 5Gbps, 1x AC Smart Pin, 1x HDMI 1.4b, 1x Headphone/Microphone Combo</td>
</tr>
<tr>
<td data-start="""" data-end="""" data-col-size=""sm"">Warranty</td>
<td data-start="""" data-end="""" data-col-size=""md"">1 Year (Seller)</td>
</tr>
</tbody>
</table>
</div>
</div>

<h3 data-start="""" data-end="""">What's in the Box</h3>
<ul>
 <li><p>HP 15-fd0558nia Notebook PC</p></li>
 <li><p>AC Power Adapter</p></li>
 <li><p>Documentation</p></li>
</ul>

<h3 data-start="""" data-end="""">Why Choose this portable computer</h3>
<ul>
 <li><p>Utilize the 13th Gen Intel Core i7 for robust application performance and multitasking capabilities.</p></li>
 <li><p>Benefit from fast data access and system responsiveness provided by the NVMe SSD and DDR4 RAM configuration.</p></li>
 <li><p>Ensure secure and efficient remote collaboration with the integrated HD camera and noise reduction technology.</p></li>
 <li><p>Maintain consistent network throughput and connectivity through Wi-Fi 6 and Bluetooth 5.3 standards.</p></li>
 <li><p>Manage diverse peripheral connections with a comprehensive array of USB and video output ports.</p></li>
</ul>",,,taxable,,1,,0,0,,,,,1,,,75000,Computing | Computing > Laptops | Computing > Laptops > HP Laptops | Laptops | Laptops > HP Laptops,HP Laptop | Intel Core i7 | 13th Gen Intel | DDR4 3200 RAM | NVMe SSD | FreeDOS | FHD Display | Wi-Fi 6 | Bluetooth 5.3 | Business Laptop | Portable Workstation | 5Gbps USB | HDMI 1.4b | Backlit Keyboard,,,,,,,,,,,0,Processor,Intel Core i7 1355U,1,0,Processor Generation,13th Gen,1,0,RAM,8GB DDR4 3200 MHz,1,0,HP 15-fd0558nia Laptop,"The HP 15-fd0558nia Laptop delivers robust performance with an Intel Core i7 1355U processor, 8GB DDR4 RAM, and 512GB NVMe SSD. Ideal for professional tasks.",HP 15-fd0558nia Laptop - BL8P8EA,HP 15-fd0558nia Laptop - BL8P8EA - Product Image,High-quality image of HP 15-fd0558nia Laptop - BL8P8EA showing design and features
simple,B67D1EA,HP 14-ep0128nia Core i7 Laptop - B67D1EA,1,0,visible,"<h3 data-start=""93"" data-end=""94"">HP 14-ep0128nia Core i7 Laptop</h3>
<table data-start=""94"" data-end=""95"">
<thead><tr><th></th><th></th></tr></thead>
<tbody>
<tr><td>Processor</td><td>Intel Core i7 1355U</td></tr>
<tr><td>RAM</td><td>8GB DDR4 3200</td></tr>
<tr><td>Storage</td><td>512GB PCIe NVMe M.2 SSD</td></tr>
<tr><td>Display</td><td>14"" FHD</td></tr>
<tr><td>Operating System</td><td>Windows 11 Home</td></tr>
<tr><td>Wireless</td><td>Wi-Fi 6, Bluetooth 5.3</td></tr>
</tbody>
</table>","<h2 data-start=""0"" data-end=""1"">HP 14-ep0128nia Laptop</h2>
<p data-start=""1"" data-end=""2"">The <strong>HP 14-ep0128nia Core i7 Laptop</strong> is engineered for robust business and professional applications requiring reliable performance and efficient multitasking. This system integrates a 13th Generation Intel Core i7 processor, 8GB of DDR4 memory, and a high-speed PCIe NVMe M.2 solid-state drive. Its architecture supports demanding workflows within a compact 14-inch form factor. Consequently, this device delivers consistent operational capability for various computational tasks.</p>

<h3 data-start=""3"" data-end=""4"">Key Features</h3>
<ul data-start=""4"" data-end=""5"">
 <li data-start=""5"" data-end=""6"">
  <p data-start=""6"" data-end=""7""><strong>13th Gen Intel Core i7 Processor</strong><br />The Intel Core i7 1355U CPU provides efficient processing power for concurrent applications and data-intensive operations.</p>
 </li>
 <li data-start=""8"" data-end=""9"">
  <p data-start=""9"" data-end=""10""><strong>Optimized Memory Configuration</strong><br />An 8GB DDR4 3200MHz RAM module ensures responsive system performance and smooth application execution.</p>
 </li>
 <li data-start=""11"" data-end=""12"">
  <p data-start=""12"" data-end=""13""><strong>High-Speed NVMe Storage</strong><br />A 512GB PCIe NVMe M.2 SSD facilitates rapid data access, accelerated boot times, and efficient file transfers, enhancing overall system responsiveness.</p>
 </li>
 <li data-start=""14"" data-end=""15"">
  <p data-start=""15"" data-end=""16""><strong>Full HD Display Panel</strong><br />The 14-inch Full HD display delivers clear visual output for document review, data analysis, and multimedia consumption.</p>
 </li>
 <li data-start=""17"" data-end=""18"">
  <p data-start=""18"" data-end=""19""><strong>Advanced Wireless Connectivity</strong></p>
  <ul data-start=""19"" data-end=""20"">
   <li>Realtek Wi-Fi 6 (1x1) provides high-throughput wireless networking capabilities.</li>
   <li>Bluetooth 5.3 enables robust wireless peripheral connections.</li>
  </ul>
 </li>
 <li data-start=""21"" data-end=""22"">
  <p data-start=""22"" data-end=""23""><strong>Integrated Communication Suite</strong><br />This notebook features an HP True Vision 720p HD camera with temporal noise reduction, complemented by integrated dual array digital microphones for clear video conferencing.</p>
 </li>
 <li data-start=""24"" data-end=""25"">
  <p data-start=""25"" data-end=""26""><strong>Ergonomic Input Devices</strong><br />The backlit keyboard enhances usability in low-light environments. Dual speakers deliver audio output.</p>
 </li>
 <li data-start=""27"" data-end=""28"">
  <p data-start=""28"" data-end=""29""><strong>Comprehensive Port Selection</strong></p>
  <ul data-start=""29"" data-end=""30"">
   <li>One USB Type-C 5Gbps signaling rate port (data transfer only).</li>
   <li>Two USB Type-A 5Gbps signaling rate ports.</li>
   <li>One AC smart pin for power input.</li>
   <li>One HDMI 1.4b output for external displays.</li>
   <li>One headphone/microphone combo jack.</li>
  </ul>
 </li>
</ul>

<h3 data-start=""31"" data-end=""32"">Specifications</h3>
<div class=""TyagGW_tableContainer"">
<div class=""group TyagGW_tableWrapper flex w-fit flex-col-reverse"">
<table class=""w-fit min-w-(--thread-content-width)"" data-start=""32"" data-end=""33"">
<thead>
<tr>
<th data-start=""33"" data-end=""34"" data-col-size=""sm"">Feature</th>
<th data-start=""34"" data-end=""35"" data-col-size=""md"">Specification</th>
</tr>
</thead>
<tbody>
<tr>
<td data-start=""35"" data-end=""36"" data-col-size=""sm"">Model Number</td>
<td data-start=""36"" data-end=""37"" data-col-size=""md"">HP 14-ep0128nia</td>
</tr>
<tr>
<td data-start=""37"" data-end=""38"" data-col-size=""sm"">Processor</td>
<td data-start=""38"" data-end=""39"" data-col-size=""md"">Intel Core i7 1355U (13th Generation)</td>
</tr>
<tr>
<td data-start=""39"" data-end=""40"" data-col-size=""sm"">RAM</td>
<td data-start=""40"" data-end=""41"" data-col-size=""md"">8GB DDR4 3200MHz</td>
</tr>
<tr>
<td data-start=""41"" data-end=""42"" data-col-size=""sm"">Storage</td>
<td data-start=""42"" data-end=""43"" data-col-size=""md"">512GB PCIe NVMe M.2 SSD</td>
</tr>
<tr>
<td data-start=""43"" data-end=""44"" data-col-size=""sm"">Operating System</td>
<td data-start=""44"" data-end=""45"" data-col-size=""md"">Windows 11 Home</td>
</tr>
<tr>
<td data-start=""45"" data-end=""46"" data-col-size=""sm"">Display</td>
<td data-start=""46"" data-end=""47"" data-col-size=""md"">14"" Full HD (FHD)</td>
</tr>
<tr>
<td data-start=""47"" data-end=""48"" data-col-size=""sm"">Optical Drive</td>
<td data-start=""48"" data-end=""49"" data-col-size=""md"">None</td>
</tr>
<tr>
<td data-start=""49"" data-end=""50"" data-col-size=""sm"">Wireless Connectivity</td>
<td data-start=""50"" data-end=""51"" data-col-size=""md"">Realtek Wi-Fi 6 (1x1)</td>
</tr>
<tr>
<td data-start=""51"" data-end=""52"" data-col-size=""sm"">Bluetooth</td>
<td data-start=""52"" data-end=""53"" data-col-size=""md"">Bluetooth 5.3</td>
</tr>
<tr>
<td data-start=""53"" data-end=""54"" data-col-size=""sm"">Camera</td>
<td data-start=""54"" data-end=""55"" data-col-size=""md"">HP True Vision 720p HD with temporal noise reduction</td>
</tr>
<tr>
<td data-start=""55"" data-end=""56"" data-col-size=""sm"">Microphones</td>
<td data-start=""56"" data-end=""57"" data-col-size=""md"">Integrated dual array digital microphones</td>
</tr>
<tr>
<td data-start=""57"" data-end=""58"" data-col-size=""sm"">Audio</td>
<td data-start=""58"" data-end=""59"" data-col-size=""md"">Dual Speakers</td>
</tr>
<tr>
<td data-start=""59"" data-end=""60"" data-col-size=""sm"">Keyboard</td>
<td data-start=""60"" data-end=""61"" data-col-size=""md"">Backlit Keyboard</td>
</tr>
<tr>
<td data-start=""61"" data-end=""62"" data-col-size=""sm"">Color</td>
<td data-start=""62"" data-end=""63"" data-col-size=""md"">Natural Silver</td>
</tr>
<tr>
<td data-start=""63"" data-end=""64"" data-col-size=""sm"">USB Type-C Ports</td>
<td data-start=""64"" data-end=""65"" data-col-size=""md"">1 (5Gbps signaling rate, data transfer only)</td>
</tr>
<tr>
<td data-start=""65"" data-end=""66"" data-col-size=""sm"">USB Type-A Ports</td>
<td data-start=""66"" data-end=""67"" data-col-size=""md"">2 (5Gbps signaling rate)</td>
</tr>
<tr>
<td data-start=""67"" data-end=""68"" data-col-size=""sm"">HDMI Ports</td>
<td data-start=""68"" data-end=""69"" data-col-size=""md"">1 (HDMI 1.4b)</td>
</tr>
<tr>
<td data-start=""69"" data-end=""70"" data-col-size=""sm"">Audio Jack</td>
<td data-start=""70"" data-end=""71"" data-col-size=""md"">1 (Headphone/microphone combo)</td>
</tr>
<tr>
<td data-start=""71"" data-end=""72"" data-col-size=""sm"">AC Power</td>
<td data-start=""72"" data-end=""73"" data-col-size=""md"">1 (AC smart pin)</td>
</tr>
<tr>
<td data-start=""73"" data-end=""74"" data-col-size=""sm"">Warranty</td>
<td data-start=""74"" data-end=""75"" data-col-size=""md"">1 Year Manufacturer Warranty</td>
</tr>
</tbody>
</table>
</div>
</div>

<h3 data-start=""76"" data-end=""77"">What's in the Box</h3>
<ul data-start=""77"" data-end=""78"">
 <li data-start=""78"" data-end=""79""><p>HP 14-ep0128nia Laptop</p></li>
 <li data-start=""79"" data-end=""80""><p>AC Power Adapter</p></li>
</ul>

<h3 data-start=""81"" data-end=""82"">Why Choose This Laptop</h3>
<ul data-start=""82"" data-end=""83"">
 <li data-start=""83"" data-end=""84""><p>The 13th generation Intel Core i7 processor provides robust computational capabilities for demanding business applications.</p></li>
 <li data-start=""85"" data-end=""86""><p>Fast DDR4 memory and NVMe SSD storage ensure quick system boot-up and application loading times, minimizing operational delays.</p></li>
 <li data-start=""87"" data-end=""88""><p>Wi-Fi 6 and Bluetooth 5.3 offer enhanced wireless connectivity, supporting high-speed data transfer and reliable peripheral pairing.</p></li>
 <li data-start=""89"" data-end=""90""><p>Integrated 720p HD camera with temporal noise reduction improves video call clarity by minimizing visual artifacts.</p></li>
 <li data-start=""91"" data-end=""92""><p>A comprehensive array of ports, including USB Type-C and HDMI, ensures broad compatibility with various external devices and displays.</p></li>
</ul>",,,taxable,,1,,0,0,,,,,1,,,,Computing | Computing > Laptops | Laptops | Laptops > HP Laptops,HP | Laptop | Core i7 | 13th Gen | DDR4 RAM | NVMe SSD | Windows 11 Home | 14 inch FHD | Wi-Fi 6 | Bluetooth 5.3 | Backlit Keyboard | USB-C | HDMI | Business Notebook | HP 14-ep0128nia,,,,,,,,,,,0,Model Number,HP 14-ep0128nia,1,0,Processor,Intel Core i7 1355U,1,0,Processor Generation,13th Gen,1,0,HP 14-ep0128nia Laptop,"Deploy the HP 14-ep0128nia Laptop for robust business performance. Features 13th Gen Intel Core i7, 8GB DDR4 RAM, 512GB NVMe SSD, and Wi-Fi 6 connectivity.",HP 14-ep0128nia Core i7 Laptop - B67D1EA,HP 14-ep0128nia Core i7 Laptop - B67D1EA - Product Image,High-quality image of HP 14-ep0128nia Core i7 Laptop - B67D1EA showing design and features
simple,8A515EA,HP 250 G10 Laptop - 8A515EA,1,0,visible,"<h3 data-start=""0"" data-end=""0"">HP 250 G10 Laptop</h3>
<table>
<thead><tr><th></th><th></th></tr></thead>
<tbody>
<tr><td>Processor</td><td>Intel Core i7-1355U</td></tr>
<tr><td>RAM</td><td>8GB DDR4-3200</td></tr>
<tr><td>Storage</td><td>512GB PCIe NVMe M.2 SSD</td></tr>
<tr><td>Display</td><td>15.6"" FHD</td></tr>
<tr><td>Operating System</td><td>FreeDOS</td></tr>
<tr><td>Wireless</td><td>Wi-Fi 6E, Bluetooth 5.3</td></tr>
<tr><td>Keyboard</td><td>Backlit</td></tr>
</tbody>
</table>","<h2 data-start=""0"" data-end=""0"">HP 250 G10 Notebook</h2>
<p data-start=""0"" data-end=""0"">The <strong>HP 250 G10 Laptop</strong> (8A515EA) is engineered for business productivity, integrating an Intel Core i7-1355U processor, 8GB of DDR4-3200 RAM, and a rapid 512GB PCIe NVMe M.2 SSD. This system provides a robust platform for daily computing tasks and business applications. Its architecture supports efficient multitasking and responsive operation, positioning it as a capable solution for professional environments requiring dependable performance.</p>

<h3 data-start=""0"" data-end=""0"">Key Features</h3>
<ul data-start=""0"" data-end=""0"">
 <li data-start=""0"" data-end=""0"">
  <p data-start=""0"" data-end=""0""><strong>Intel Core i7-1355U Processor</strong><br />
  This device is equipped with a 13th Generation Intel Core i7 processor, offering efficient performance for demanding applications and smooth multitasking capabilities.</p>
 </li>
 <li data-start=""0"" data-end=""0"">
  <p data-start=""0"" data-end=""0""><strong>High-Speed Memory and Storage</strong></p>
  <ul data-start=""0"" data-end=""0"">
   <li>8GB DDR4-3200 MHz RAM facilitates fluid application execution and data handling.</li>
   <li>A 512GB PCIe NVMe M.2 SSD ensures rapid boot times, quick application loading, and accelerated data transfer rates.</li>
  </ul>
 </li>
 <li data-start=""0"" data-end=""0"">
  <p data-start=""0"" data-end=""0""><strong>Advanced Wireless Connectivity</strong><br />
  Integrated Realtek Wi-Fi 6E (2x2) provides enhanced network speeds and lower latency, while Bluetooth 5.3 enables reliable peripheral connections.</p>
 </li>
 <li data-start=""0"" data-end=""0"">
  <p data-start=""0"" data-end=""0""><strong>Visual Clarity and Communication</strong></p>
  <ul data-start=""0"" data-end=""0"">
   <li>The 15.6-inch Full HD display delivers clear visuals for documents and multimedia content.</li>
   <li>A 1080p FHD camera and integrated digital microphone support high-quality video conferencing.</li>
  </ul>
 </li>
 <li data-start=""0"" data-end=""0"">
  <p data-start=""0"" data-end=""0""><strong>Comprehensive Port Selection</strong><br />
  Connectivity options include one USB Type-C 5Gbps, two USB Type-A 5Gbps, one HDMI 1.4b, and a stereo headphone/microphone combo jack, facilitating extensive peripheral integration.</p>
 </li>
 <li data-start=""0"" data-end=""0"">
  <p data-start=""0"" data-end=""0""><strong>User-Centric Design</strong><br />
  The keyboard is backlit for improved visibility in varied lighting conditions, enhancing user comfort and productivity. This notebook features a Turbo Silver finish.</p>
 </li>
</ul>

<h3 data-start=""0"" data-end=""0"">Specifications</h3>
<div class=""TyagGW_tableContainer"">
<div class=""group TyagGW_tableWrapper flex w-fit flex-col-reverse"">
<table class=""w-fit min-w-(--thread-content-width)"" data-start=""0"" data-end=""0"">
<thead>
<tr>
<th data-start=""0"" data-end=""0"" data-col-size=""sm"">Feature</th>
<th data-start=""0"" data-end=""0"" data-col-size=""md"">Specification</th>
</tr>
</thead>
<tbody>
<tr>
<td data-start=""0"" data-end=""0"" data-col-size=""sm"">Processor</td>
<td data-start=""0"" data-end=""0"" data-col-size=""md"">Intel Core i7-1355U (13th Gen)</td>
</tr>
<tr>
<td data-start=""0"" data-end=""0"" data-col-size=""sm"">RAM</td>
<td data-start=""0"" data-end=""0"" data-col-size=""md"">8GB DDR4-3200 MHz</td>
</tr>
<tr>
<td data-start=""0"" data-end=""0"" data-col-size=""sm"">Storage</td>
<td data-start=""0"" data-end=""0"" data-col-size=""md"">512GB PCIe NVMe M.2 SSD</td>
</tr>
<tr>
<td data-start=""0"" data-end=""0"" data-col-size=""sm"">Operating System</td>
<td data-start=""0"" data-end=""0"" data-col-size=""md"">FreeDOS</td>
</tr>
<tr>
<td data-start=""0"" data-end=""0"" data-col-size=""sm"">Display</td>
<td data-start=""0"" data-end=""0"" data-col-size=""md"">15.6"" diagonal FHD (1920 x 1080)</td>
</tr>
<tr>
<td data-start=""0"" data-end=""0"" data-col-size=""sm"">Wireless</td>
<td data-start=""0"" data-end=""0"" data-col-size=""md"">Realtek Wi-Fi 6E RTL8852BE (2x2), Bluetooth 5.3</td>
</tr>
<tr>
<td data-start=""0"" data-end=""0"" data-col-size=""sm"">Camera</td>
<td data-start=""0"" data-end=""0"" data-col-size=""md"">1080p FHD Camera</td>
</tr>
<tr>
<td data-start=""0"" data-end=""0"" data-col-size=""sm"">Audio</td>
<td data-start=""0"" data-end=""0"" data-col-size=""md"">Stereo speakers, integrated digital microphone</td>
</tr>
<tr>
<td data-start=""0"" data-end=""0"" data-col-size=""sm"">Keyboard</td>
<td data-start=""0"" data-end=""0"" data-col-size=""md"">Backlit Keyboard</td>
</tr>
<tr>
<td data-start=""0"" data-end=""0"" data-col-size=""sm"">Ports</td>
<td data-start=""0"" data-end=""0"" data-col-size=""md"">1x USB Type-C 5Gbps, 2x USB Type-A 5Gbps, 1x AC power, 1x HDMI 1.4b, 1x headphone/microphone combo jack</td>
</tr>
<tr>
<td data-start=""0"" data-end=""0"" data-col-size=""sm"">Color</td>
<td data-start=""0"" data-end=""0"" data-col-size=""md"">Turbo Silver</td>
</tr>
<tr>
<td data-start=""0"" data-end=""0"" data-col-size=""sm"">Warranty</td>
<td data-start=""0"" data-end=""0"" data-col-size=""md"">1 Year</td>
</tr>
</tbody>
</table>
</div>
</div>

<h3 data-start=""0"" data-end=""0"">What's in the Box</h3>
<ul>
 <li><p>HP Notebook 250 G10 (8A515EA)</p></li>
 <li><p>HP Smart AC Power Adapter</p></li>
</ul>

<h3 data-start=""0"" data-end=""0"">Why Choose HP 250 G10 Notebook</h3>
<ul>
 <li><p>The device delivers consistent performance for business applications due to its advanced Intel processor and SSD storage.</p></li>
 <li><p>Its comprehensive port configuration allows for seamless integration into existing IT infrastructures and peripheral ecosystems.</p></li>
 <li><p>High-speed Wi-Fi 6E connectivity ensures reliable and fast network access, crucial for cloud-based operations and remote work.</p></li>
 <li><p>The system's robust construction and one-year warranty provide a dependable computing solution for professional use.</p></li>
</ul>",,,taxable,,1,,0,0,,,,,1,,,,Computing | Computing > Laptops | Laptops | Laptops > HP Laptops,Business Laptop | Intel Core i7 | DDR4 RAM | NVMe SSD | FreeDOS Laptop | FHD Display | Wi-Fi 6E | Bluetooth 5.3 | Backlit Keyboard | USB Type-C | HDMI 1.4b | HP Notebook | 15.6 inch laptop | Enterprise Computing | HP 250 G10,,,,,,,,,,,0,Model,HP Notebook 250 G10,1,0,Part Number,8A515EA,1,0,Processor,Intel Core i7-1355U,1,0,HP 250 G10 Laptop,"The HP 250 G10 Laptop (8A515EA) features an Intel Core i7 1355U, 8GB DDR4 RAM, and 512GB NVMe SSD for robust business operations.",HP 250 G10 Laptop - 8A515EA,HP 250 G10 Laptop - 8A515EA - Product Image,High-quality image of HP 250 G10 Laptop - 8A515EA showing design and features
simple,8A544EA,HP 250 G10 Notebook - 8A544EA,1,0,visible,"<h3 data-start="""" data-end="""">HP 250 G10 Notebook</h3>
<table>
<thead><tr><th></th><th></th></tr></thead>
<tbody>
<tr><td>Processor</td><td>Intel Core i7-1355U</td></tr>
<tr><td>RAM</td><td>8GB DDR4 3200MHz</td></tr>
<tr><td>Storage</td><td>512GB PCIe NVMe M.2 SSD</td></tr>
<tr><td>Graphics</td><td>NVIDIA GeForce MX550 2GB GDDR6</td></tr>
<tr><td>Display</td><td>15.6"" FHD</td></tr>
<tr><td>OS</td><td>FreeDOS</td></tr>
<tr><td>Wireless</td><td>Wi-Fi 6E, Bluetooth 5.3</td></tr>
<tr><td>Ports</td><td>USB-C, USB-A (x2), HDMI 1.4b</td></tr>
</tbody>
</table>","<h2 data-start="""" data-end="""">HP 250 G10 Notebook</h2>
<p data-start="""" data-end="""">The <strong>HP 250 G10 Notebook</strong> provides essential computing capabilities for professional environments. This system integrates a 13th Generation Intel Core i7 processor, specifically the 1355U model, designed for demanding workloads and efficient multitasking. Its robust architecture supports streamlined operations, ensuring reliable performance across various business applications. The device is engineered for productivity and connectivity, making it a suitable solution for daily professional computing tasks. Furthermore, the inclusion of dedicated graphics enhances visual processing capabilities, extending its utility beyond basic office functions. Consequently, users benefit from a balanced blend of processing power, memory, and storage.</p>

<h3 data-start="""" data-end="""">Key Features</h3>
<ul data-start="""" data-end="""">
 <li data-start="""" data-end="""">
  <p data-start="""" data-end=""""><strong>High-Performance Processing</strong><br />
  The Intel Core i7-1355U processor delivers efficient execution for complex applications and multitasking requirements.</p>
 </li>
 <li data-start="""" data-end="""">
  <p data-start="""" data-end=""""><strong>Advanced Graphics Subsystem</strong><br />
  NVIDIA GeForce MX550 graphics with 2GB GDDR6 memory accelerates visual tasks and supports content creation workflows.</p>
 </li>
 <li data-start="""" data-end="""">
  <p data-start="""" data-end=""""><strong>Rapid Storage and Memory</strong></p>
  <ul data-start="""" data-end="""">
   <li>A 512GB PCIe NVMe M.2 SSD ensures fast boot times and quick data access.</li>
   <li>8GB DDR4 3200MHz RAM facilitates smooth application handling and system responsiveness.</li>
  </ul>
 </li>
 <li data-start="""" data-end="""">
  <p data-start="""" data-end=""""><strong>Modern Wireless Connectivity</strong></p>
  <ul data-start="""" data-end="""">
   <li>Realtek Wi-Fi 6E RTL8852BE (2x2) provides high-speed, low-latency wireless networking.</li>
   <li>Bluetooth 5.3 enables seamless integration with a wide range of wireless peripherals.</li>
  </ul>
 </li>
 <li data-start="""" data-end="""">
  <p data-start="""" data-end=""""><strong>Comprehensive I/O Ports</strong></p>
  <ul data-start="""" data-end="""">
   <li>One USB Type-C 5Gbps signaling rate port offers versatile connectivity options.</li>
   <li>Two USB Type-A 5Gbps signaling rate ports accommodate standard USB devices.</li>
   <li>One HDMI 1.4b output supports external display connections for expanded workspaces.</li>
   <li>A single stereo headphone/microphone combo jack simplifies audio peripheral management.</li>
   <li>Dedicated AC power port for charging the system.</li>
  </ul>
 </li>
 <li data-start="""" data-end="""">
  <p data-start="""" data-end=""""><strong>Enhanced User Interaction</strong></p>
  <ul data-start="""" data-end="""">
   <li>A 15.6"" FHD display offers clear visual output for documents and presentations.</li>
   <li>The 1080p FHD camera and stereo speakers support effective video conferencing.</li>
   <li>A backlit keyboard improves usability and typing comfort in various lighting conditions.</li>
  </ul>
 </li>
</ul>

<h3 data-start="""" data-end="""">Specifications</h3>
<div class=""TyagGW_tableContainer"">
<div class=""group TyagGW_tableWrapper flex w-fit flex-col-reverse"">
<table class=""w-fit min-w-(--thread-content-width)"" data-start="""" data-end="""">
<thead>
<tr>
<th data-start="""" data-end="""" data-col-size=""sm"">Feature</th>
<th data-start="""" data-end="""" data-col-size=""md"">Specification</th>
</tr>
</thead>
<tbody>
<tr>
<td data-start="""" data-end="""" data-col-size=""sm"">Model No.</td>
<td data-start="""" data-end="""" data-col-size=""md"">8A544EA</td>
</tr>
<tr>
<td data-start="""" data-end="""" data-col-size=""sm"">Processor</td>
<td data-start="""" data-end="""" data-col-size=""md"">Intel Core i7-1355U</td>
</tr>
<tr>
<td data-start="""" data-end="""" data-col-size=""sm"">RAM</td>
<td data-start="""" data-end="""" data-col-size=""md"">8GB DDR4 3200MHz</td>
</tr>
<tr>
<td data-start="""" data-end="""" data-col-size=""sm"">Storage</td>
<td data-start="""" data-end="""" data-col-size=""md"">512GB PCIe NVMe M.2 SSD</td>
</tr>
<tr>
<td data-start="""" data-end="""" data-col-size=""sm"">Graphics</td>
<td data-start="""" data-end="""" data-col-size=""md"">NVIDIA GeForce MX550 2GB GDDR6</td>
</tr>
<tr>
<td data-start="""" data-end="""" data-col-size=""sm"">Operating System</td>
<td data-start="""" data-end="""" data-col-size=""md"">FreeDOS</td>
</tr>
<tr>
<td data-start="""" data-end="""" data-col-size=""sm"">Display</td>
<td data-start="""" data-end="""" data-col-size=""md"">15.6"" FHD</td>
</tr>
<tr>
<td data-start="""" data-end="""" data-col-size=""sm"">Optical Drive</td>
<td data-start="""" data-end="""" data-col-size=""md"">No ODD</td>
</tr>
<tr>
<td data-start="""" data-end="""" data-col-size=""sm"">Wireless Connectivity</td>
<td data-start="""" data-end="""" data-col-size=""md"">Realtek Wi-Fi 6E RTL8852BE (2x2) and Bluetooth 5.3</td>
</tr>
<tr>
<td data-start="""" data-end="""" data-col-size=""sm"">Camera</td>
<td data-start="""" data-end="""" data-col-size=""md"">1080p FHD Camera</td>
</tr>
<tr>
<td data-start="""" data-end="""" data-col-size=""sm"">Audio</td>
<td data-start="""" data-end="""" data-col-size=""md"">Stereo speakers, integrated digital microphone</td>
</tr>
<tr>
<td data-start="""" data-end="""" data-col-size=""sm"">Keyboard</td>
<td data-start="""" data-end="""" data-col-size=""md"">Backlit Keyboard</td>
</tr>
<tr>
<td data-start="""" data-end="""" data-col-size=""sm"">Color</td>
<td data-start="""" data-end="""" data-col-size=""md"">Turbo Silver</td>
</tr>
<tr>
<td data-start="""" data-end="""" data-col-size=""sm"">Ports</td>
<td data-start="""" data-end="""" data-col-size=""md"">1x USB Type-C 5Gbps, 2x USB Type-A 5Gbps, 1x HDMI 1.4b, 1x headphone/microphone combo, 1x AC power</td>
</tr>
<tr>
<td data-start="""" data-end="""" data-col-size=""sm"">Warranty</td>
<td data-start="""" data-end="""" data-col-size=""md"">1 Year</td>
</tr>
</tbody>
</table>
</div>
</div>

<h3 data-start="""" data-end="""">What's in the Box</h3>
<ul>
 <li><p>HP Notebook 250 G10 (8A544EA)</p></li>
 <li><p>AC Power Adapter</p></li>
 <li><p>Documentation</p></li>
</ul>

<h3 data-start="""" data-end="""">Why Choose this HP Notebook</h3>
<ul>
 <li><p>The integrated Intel Core i7 processor capably handles intensive business applications, ensuring sustained productivity.</p></li>
 <li><p>Fast NVMe SSD storage significantly reduces application load times and improves overall system responsiveness.</p></li>
 <li><p>Wi-Fi 6E connectivity ensures stable and high-speed network access for critical online operations and data transfer.</p></li>
 <li><p>Dedicated NVIDIA graphics supports tasks requiring visual processing power, from presentations to light design work.</p></li>
 <li><p>A comprehensive port selection allows for broad peripheral compatibility and easy integration into existing IT infrastructures.</p></li>
</ul>",,,taxable,,1,,0,0,,,,,1,,,80000,Computing | Computing > Laptops | Computing > Laptops > HP Laptops | Laptops | Laptops > HP Laptops,Notebook PC | Intel Core i7 | 13th Gen Intel | DDR4 RAM | NVMe SSD | NVIDIA MX550 | FreeDOS laptop | FHD display | Wi-Fi 6E | Bluetooth 5.3 | Backlit Keyboard | USB-C | HDMI | Business Laptop | HP 250 Series,,,,,,,,,,,0,Processor,Intel Core i7-1355U,1,0,RAM,8GB DDR4 3200MHz,1,0,Storage,512GB PCIe NVMe M.2 SSD,1,0,HP 250 G10 Notebook,"Deploy the HP 250 G10 Notebook for robust business computing. Features Intel Core i7-1355U, 8GB DDR4 RAM, 512GB NVMe SSD, and NVIDIA MX550.",HP 250 G10 Notebook - 8A544EA,HP 250 G10 Notebook - 8A544EA - Product Image,High-quality image of HP 250 G10 Notebook - 8A544EA showing design and features
simple,A22YBEA,HP ProBook 440 G11 Laptop - A22YBEA,1,0,visible,"<h3 data-start=""..."" data-end=""..."">HP ProBook 440 G11 Laptop</h3>
<table data-start=""..."" data-end=""..."">
<thead><tr><th>Feature</th><th>Specification</th></tr></thead>
<tbody>
<tr><td>Processor</td><td>Intel Core Ultra 7 155U</td></tr>
<tr><td>RAM</td><td>8GB DDR5 5600MHz</td></tr>
<tr><td>Storage</td><td>512GB PCIe NVMe M.2 SSD</td></tr>
<tr><td>Operating System</td><td>FreeDOS</td></tr>
<tr><td>Display</td><td>14"" WUXGA</td></tr>
<tr><td>Connectivity</td><td>Wi-Fi 6E AX211, Bluetooth 5.3</td></tr>
<tr><td>Ports</td><td>USB-C (2), USB-A (2), HDMI, RJ-45</td></tr>
</tbody>
</table>","<h2 data-start=""..."" data-end=""..."">HP ProBook 440 G11</h2>
<p data-start=""..."" data-end=""..."">The <strong>HP ProBook 440 G11 Laptop</strong> provides a robust computing solution for demanding business environments. This system integrates an Intel Core Ultra 7 155U processor, which features an advanced hybrid architecture for optimized power efficiency and computational throughput across various workloads. It includes 8GB of 5600MHz DDR5 memory, facilitating efficient concurrent application handling and smooth multitasking. Storage is managed by a rapid 512GB PCIe NVMe M.2 Solid State Drive, ensuring accelerated boot times, swift application loading, and quick data access. The 14-inch WUXGA display delivers crisp visuals and ample screen real estate for productivity tasks. This notebook ships with FreeDOS, offering IT departments flexibility for custom operating system deployments.</p>

<h3 data-start=""..."" data-end=""..."">Key Features</h3>
<ul data-start=""..."" data-end=""..."">
    <li data-start=""..."" data-end=""..."">
        <p data-start=""..."" data-end=""...""><strong>Advanced Processing Power</strong><br />
        Equipped with an Intel Core Ultra 7 155U processor, this notebook handles complex computations and multi-threaded applications efficiently, optimizing workflow.</p>
    </li>
    <li data-start=""..."" data-end=""..."">
        <p data-start=""..."" data-end=""...""><strong>High-Speed Memory and Persistent Storage</strong></p>
        <ul data-start=""..."" data-end=""..."">
            <li>8GB of 5600MHz DDR5 RAM provides substantial bandwidth for memory-intensive operations.</li>
            <li>A 512GB PCIe NVMe M.2 SSD significantly reduces latency for file transfers and system operations.</li>
        </ul>
    </li>
    <li data-start=""..."" data-end=""..."">
        <p data-start=""..."" data-end=""...""><strong>Cutting-Edge Wireless Connectivity</strong><br />
        The integrated Intel Wi-Fi 6E AX211 (2x2) module supports high-density network environments and gigabit data rates, while Bluetooth 5.3 ensures reliable connections to wireless peripherals.</p>
    </li>
    <li data-start=""..."" data-end=""..."">
        <p data-start=""..."" data-end=""...""><strong>Extensive Port Configuration</strong><br />
        This device features two USB Type-C 20Gbps signaling rate ports with USB Power Delivery, DisplayPort 1.4, and HP Sleep and Charge functionality. It also includes two USB Type-A 5Gbps ports (one charging, one power), an HDMI 2.1 output for external displays, a stereo headphone/microphone combo jack, and an RJ-45 Ethernet port for wired network access.</p>
    </li>
    <li data-start=""..."" data-end=""..."">
        <p data-start=""..."" data-end=""...""><strong>Integrated Security Measures</strong><br />
        A fingerprint reader provides secure biometric authentication for user access. Additionally, a Nano Security Lock Slot offers a physical deterrent against theft, protecting the hardware asset.</p>
    </li>
    <li data-start=""..."" data-end=""..."">
        <p data-start=""..."" data-end=""...""><strong>Optimized Collaboration Tools</strong><br />
        A 1080p FHD camera delivers clear video for conferencing. Audio by Poly Studio, alongside dual stereo speakers with discrete amplifiers and integrated dual array microphones, ensures superior audio clarity for virtual meetings.</p>
    </li>
    <li data-start=""..."" data-end=""..."">
        <p data-start=""..."" data-end=""...""><strong>Enhanced User Interface</strong><br />
        The backlit keyboard improves visibility and typing accuracy in low-light conditions. The Pike Silver chassis provides a professional aesthetic.</p>
    </li>
</ul>

<h3 data-start=""..."" data-end=""..."">Specifications</h3>
<div class=""TyagGW_tableContainer"">
<div class=""group TyagGW_tableWrapper flex w-fit flex-col-reverse"">
<table class=""w-fit min-w-(--thread-content-width)"" data-start=""..."" data-end=""..."">
<thead>
<tr>
<th data-start=""..."" data-end=""..."" data-col-size=""sm"">Feature</th>
<th data-start=""..."" data-end=""..."" data-col-size=""md"">Specification</th>
</tr>
</thead>
<tbody>
<tr>
<td data-start=""..."" data-end=""..."" data-col-size=""sm"">Processor</td>
<td data-start=""..."" data-end=""..."" data-col-size=""md"">Intel Core Ultra 7 155U</td>
</tr>
<tr>
<td data-start=""..."" data-end=""..."" data-col-size=""sm"">RAM</td>
<td data-start=""..."" data-end=""..."" data-col-size=""md"">8GB DDR5 5600MHz</td>
</tr>
<tr>
<td data-start=""..."" data-end=""..."" data-col-size=""sm"">Storage</td>
<td data-start=""..."" data-end=""..."" data-col-size=""md"">512GB PCIe NVMe M.2 SSD</td>
</tr>
<tr>
<td data-start=""..."" data-end=""..."" data-col-size=""sm"">Operating System</td>
<td data-start=""..."" data-end=""..."" data-col-size=""md"">FreeDOS</td>
</tr>
<tr>
<td data-start=""..."" data-end=""..."" data-col-size=""sm"">Display</td>
<td data-start=""..."" data-end=""..."" data-col-size=""md"">14"" WUXGA</td>
</tr>
<tr>
<td data-start=""..."" data-end=""..."" data-col-size=""sm"">Graphics</td>
<td data-start=""..."" data-end=""..."" data-col-size=""md"">Integrated Intel Graphics</td>
</tr>
<tr>
<td data-start=""..."" data-end=""..."" data-col-size=""sm"">Optical Drive</td>
<td data-start=""..."" data-end=""..."" data-col-size=""md"">No ODD</td>
</tr>
<tr>
<td data-start=""..."" data-end=""..."" data-col-size=""sm"">Wireless Connectivity</td>
<td data-start=""..."" data-end=""..."" data-col-size=""md"">Intel Wi-Fi 6E AX211 (2x2) and Bluetooth 5.3</td>
</tr>
<tr>
<td data-start=""..."" data-end=""..."" data-col-size=""sm"">Webcam</td>
<td data-start=""..."" data-end=""..."" data-col-size=""md"">1080p FHD Camera</td>
</tr>
<tr>
<td data-start=""..."" data-end=""..."" data-col-size=""sm"">Audio</td>
<td data-start=""..."" data-end=""..."" data-col-size=""md"">Audio by Poly Studio, Dual stereo speakers with discrete amplifiers, Integrated dual array microphones</td>
</tr>
<tr>
<td data-start=""..."" data-end=""..."" data-col-size=""sm"">Security Features</td>
<td data-start=""..."" data-end=""..."" data-col-size=""md"">Fingerprint Reader, Nano Security Lock Slot</td>
</tr>
<tr>
<td data-start=""..."" data-end=""..."" data-col-size=""sm"">Keyboard</td>
<td data-start=""..."" data-end=""..."" data-col-size=""md"">Backlit Keyboard</td>
</tr>
<tr>
<td data-start=""..."" data-end=""..."" data-col-size=""sm"">Color</td>
<td data-start=""..."" data-end=""..."" data-col-size=""md"">Pike Silver</td>
</tr>
<tr>
<td data-start=""..."" data-end=""..."" data-col-size=""sm"">Ports</td>
<td data-start=""..."" data-end=""..."" data-col-size=""md"">2x USB Type-C 20Gbps (PD, DP 1.4, HP Sleep and Charge), 2x USB Type-A 5Gbps (1 charging, 1 power), 1x HDMI 2.1, 1x Stereo headphone/microphone combo jack, 1x RJ-45</td>
</tr>
<tr>
<td data-start=""..."" data-end=""..."" data-col-size=""sm"">Warranty</td>
<td data-start=""..."" data-end=""..."" data-col-size=""md"">1 Year from Seller</td>
</tr>
</tbody>
</table>
</div>
</div>

<h3 data-start=""..."" data-end=""..."">What's in the Box</h3>
<ul data-start=""..."" data-end=""..."">
    <li><p>HP ProBook 440 G11 Notebook</p></li>
    <li><p>AC Power Adapter</p></li>
    <li><p>Documentation</p></li>
</ul>

<h3 data-start=""..."" data-end=""..."">Why Choose This Business Notebook</h3>
<ul data-start=""..."" data-end=""..."">
    <li><p>Provides robust security features, including a fingerprint reader, for data protection.</p></li>
    <li><p>Offers versatile connectivity options with multiple USB-C and USB-A ports, plus HDMI and RJ-45.</p></li>
    <li><p>The system's Intel Core Ultra 7 processor ensures efficient performance for demanding business applications.</p></li>
    <li><p>Fast DDR5 RAM and NVMe SSD accelerate workflow and system responsiveness.</p></li>
    <li><p>Integrated Wi-Fi 6E and Bluetooth 5.3 deliver reliable, high-speed wireless communication.</p></li>
</ul>",,,taxable,,1,,0,0,,,,,1,,,92000,Computing | Computing > Laptops | Laptops | Laptops > HP Laptops,HP ProBook | 440 G11 | Business Laptop | Intel Core Ultra 7 | DDR5 RAM | NVMe SSD | FreeDOS Laptop | 14 inch WUXGA | Wi-Fi 6E | Bluetooth 5.3 | USB-C 20Gbps | HDMI 2.1 | RJ-45 | Fingerprint Reader | Backlit Keyboard,,,,,,,,,,,0,Processor,Intel Core Ultra 7 155U,1,0,RAM,8GB DDR5 5600MHz,1,0,Storage,512GB PCIe NVMe M.2 SSD,1,0,HP ProBook 440 G11 Laptop,"The HP ProBook 440 G11 Laptop delivers robust performance with Intel Core Ultra 7, 8GB DDR5 RAM, and a 512GB NVMe SSD. Designed for business users.",HP ProBook 440 G11 Laptop - A22YBEA,HP ProBook 440 G11 Laptop - A22YBEA - Product Image,High-quality image of HP ProBook 440 G11 Laptop - A22YBEA showing design and features
simple,B39P8AT,HP ProBook 450 G10 Laptop - B39P8AT,1,0,visible,"<h3 data-start="""" data-end="""">HP ProBook 450 G10 Laptop</h3>
<table>
<thead><tr><th></th><th></th></tr></thead>
<tbody>
<tr><td>Processor</td><td>Intel Core i5 1334U</td></tr>
<tr><td>RAM</td><td>8GB DDR4 3200MHz</td></tr>
<tr><td>Storage</td><td>512GB PCIe NVMe SSD</td></tr>
<tr><td>Display</td><td>15.6"" FHD</td></tr>
<tr><td>Operating System</td><td>FreeDOS</td></tr>
<tr><td>Wireless</td><td>Wi-Fi 6E AX211, Bluetooth 5.3</td></tr>
<tr><td>Ports</td><td>2x USB-C, 2x USB-A, 1x HDMI 2.1, 1x RJ-45</td></tr>
<tr><td>Security</td><td>Fingerprint Reader, IR Camera</td></tr>
</tbody>
</table>","<h2 data-start="""" data-end="""">HP ProBook 450 G10</h2>
<p data-start="""" data-end="""">The <strong>HP ProBook Laptop</strong> B39P8AT provides robust computing for demanding business environments. It integrates an Intel Core i5 1334U processor, part of the 13th generation, ensuring efficient multi-threaded performance. This system is equipped with 8GB DDR4 3200MHz RAM, facilitating smooth operation of multiple applications concurrently. A 512GB PCIe NVMe SSD offers rapid boot times and accelerated data access, crucial for professional workflows. The design prioritizes performance, security, and connectivity for daily business operations.</p>

<h3 data-start="""" data-end="""">Key Features</h3>
<ul data-start="""" data-end="""">
    <li data-start="""" data-end="""">
        <p data-start="""" data-end=""""><strong>Advanced Processing Power</strong><br />Equipped with an Intel Core i5 1334U processor, this system delivers efficient multi-tasking capabilities. The 13th generation architecture enhances power efficiency and processing speed.</p>
    </li>
    <li data-start="""" data-end="""">
        <p data-start="""" data-end=""""><strong>High-Speed Memory</strong><br />Features 8GB of DDR4 3200MHz RAM, ensuring responsive application handling and efficient data processing. This memory configuration supports professional software demands.</p>
    </li>
    <li data-start="""" data-end="""">
        <p data-start="""" data-end=""""><strong>Rapid Storage Solution</strong><br />A 512GB PCIe NVMe SSD provides accelerated boot times and swift file transfers. This solid-state drive significantly improves overall system responsiveness.</p>
    </li>
    <li data-start="""" data-end="""">
        <p data-start="""" data-end=""""><strong>Visual Clarity</strong><br />The 15.6-inch Full HD display offers crisp, clear visuals for productivity tasks and content consumption. Its anti-glare finish reduces reflections in various lighting conditions.</p>
    </li>
    <li data-start="""" data-end="""">
        <p data-start="""" data-end=""""><strong>Next-Gen Wireless Connectivity</strong><br />Integrates Realtek Wi-Fi 6E AX211 (2x2) for ultra-fast and stable network access in compatible environments. Bluetooth 5.3 enables seamless connections with a wide range of wireless peripherals.</p>
    </li>
    <li data-start="""" data-end="""">
        <p data-start="""" data-end=""""><strong>Enhanced Security Features</strong></p>
        <ul data-start="""" data-end="""">
            <li>Integrated Fingerprint Reader provides biometric authentication for secure system access.</li>
            <li>5 MP IR Camera supports facial recognition login and high-quality video conferencing.</li>
            <li>A Nano Security Lock Slot offers physical theft deterrence.</li>
        </ul>
    </li>
    <li data-start="""" data-end="""">
        <p data-start="""" data-end=""""><strong>Comprehensive I/O Ports</strong><br />Includes two USB Type-C 10Gbps signaling rate ports, supporting USB Power Delivery and DisplayPort 2.1. Additionally, two USB Type-A 5Gbps ports (one charging, one power) are present. An HDMI 2.1 output facilitates external display connections. The RJ-45 port ensures reliable wired network access.</p>
    </li>
    <li data-start="""" data-end="""">
        <p data-start="""" data-end=""""><strong>User-Centric Design</strong><br />Features a backlit keyboard for improved usability in low-light conditions. Dual stereo speakers and dual array microphones enhance communication and audio experiences. The Pike Silver finish provides a professional aesthetic.</p>
    </li>
</ul>

<h3 data-start="""" data-end="""">Specifications</h3>
<div class=""TyagGW_tableContainer"">
<div class=""group TyagGW_tableWrapper flex w-fit flex-col-reverse"">
<table class=""w-fit min-w-(--thread-content-width)"" data-start="""" data-end="""">
<thead>
<tr>
<th data-start="""" data-end="""" data-col-size=""sm"">Feature</th>
<th data-start="""" data-end="""" data-col-size=""md"">Specification</th>
</tr>
</thead>
<tbody>
<tr>
<td data-start="""" data-end="""" data-col-size=""sm"">Model</td>
<td data-start="""" data-end="""" data-col-size=""md"">HP ProBook 450 G10</td>
</tr>
<tr>
<td data-start="""" data-end="""" data-col-size=""sm"">Processor</td>
<td data-start="""" data-end="""" data-col-size=""md"">Intel Core i5 1334U</td>
</tr>
<tr>
<td data-start="""" data-end="""" data-col-size=""sm"">RAM</td>
<td data-start="""" data-end="""" data-col-size=""md"">8GB DDR4 3200MHz</td>
</tr>
<tr>
<td data-start="""" data-end="""" data-col-size=""sm"">Storage</td>
<td data-start="""" data-end="""" data-col-size=""md"">512GB PCIe NVMe SSD</td>
</tr>
<tr>
<td data-start="""" data-end="""" data-col-size=""sm"">Operating System</td>
<td data-start="""" data-end="""" data-col-size=""md"">FreeDOS</td>
</tr>
<tr>
<td data-start="""" data-end="""" data-col-size=""sm"">Display</td>
<td data-start="""" data-end="""" data-col-size=""md"">15.6"" FHD (1920 x 1080)</td>
</tr>
<tr>
<td data-start="""" data-end="""" data-col-size=""sm"">Optical Drive</td>
<td data-start="""" data-end="""" data-col-size=""md"">None</td>
</tr>
<tr>
<td data-start="""" data-end="""" data-col-size=""sm"">Wireless Connectivity</td>
<td data-start="""" data-end="""" data-col-size=""md"">Realtek Wi-Fi 6E AX211 (2x2)</td>
</tr>
<tr>
<td data-start="""" data-end="""" data-col-size=""sm"">Bluetooth</td>
<td data-start="""" data-end="""" data-col-size=""md"">Bluetooth 5.3</td>
</tr>
<tr>
<td data-start="""" data-end="""" data-col-size=""sm"">Camera</td>
<td data-start="""" data-end="""" data-col-size=""md"">5 MP IR Camera</td>
</tr>
<tr>
<td data-start="""" data-end="""" data-col-size=""sm"">Audio</td>
<td data-start="""" data-end="""" data-col-size=""md"">Dual stereo speakers, dual array microphones</td>
</tr>
<tr>
<td data-start="""" data-end="""" data-col-size=""sm"">Keyboard</td>
<td data-start="""" data-end="""" data-col-size=""md"">Backlit Keyboard</td>
</tr>
<tr>
<td data-start="""" data-end="""" data-col-size=""sm"">Security</td>
<td data-start="""" data-end="""" data-col-size=""md"">Fingerprint Reader, Nano Security Lock Slot</td>
</tr>
<tr>
<td data-start="""" data-end="""" data-col-size=""sm"">USB Type-C Ports</td>
<td data-start="""" data-end="""" data-col-size=""md"">2 (10Gbps signaling rate, USB Power Delivery, DisplayPort 2.1)</td>
</tr>
<tr>
<td data-start="""" data-end="""" data-col-size=""sm"">USB Type-A Ports</td>
<td data-start="""" data-end="""" data-col-size=""md"">2 (5Gbps signaling rate, 1 charging, 1 power)</td>
</tr>
<tr>
<td data-start="""" data-end="""" data-col-size=""sm"">HDMI Port</td>
<td data-start="""" data-end="""" data-col-size=""md"">1 (2.1)</td>
</tr>
<tr>
<td data-start="""" data-end="""" data-col-size=""sm"">Ethernet Port</td>
<td data-start="""" data-end="""" data-col-size=""md"">1 (RJ-45)</td>
</tr>
<tr>
<td data-start="""" data-end="""" data-col-size=""sm"">Audio Jack</td>
<td data-start="""" data-end="""" data-col-size=""md"">1 (stereo headphone/microphone combo)</td>
</tr>
<tr>
<td data-start="""" data-end="""" data-col-size=""sm"">AC Power Port</td>
<td data-start="""" data-end="""" data-col-size=""md"">1</td>
</tr>
<tr>
<td data-start="""" data-end="""" data-col-size=""sm"">Color</td>
<td data-start="""" data-end="""" data-col-size=""md"">Pike Silver</td>
</tr>
<tr>
<td data-start="""" data-end="""" data-col-size=""sm"">Warranty</td>
<td data-start="""" data-end="""" data-col-size=""md"">1 Year Manufacturer Warranty</td>
</tr>
</tbody>
</table>
</div>
</div>

<h3 data-start="""" data-end="""">What's in the Box</h3>
<ul>
    <li><p>HP ProBook 450 G10 Laptop (B39P8AT)</p></li>
    <li><p>AC Power Adapter</p></li>
    <li><p>Documentation</p></li>
</ul>

<h3 data-start="""" data-end="""">Why Choose This ProBook</h3>
<ul>
    <li><p>Robust Intel Core i5 processor manages complex workloads efficiently.</p></li>
    <li><p>Fast DDR4 RAM and NVMe SSD accelerate application launch and data retrieval.</p></li>
    <li><p>Modern Wi-Fi 6E connectivity ensures stable, high-speed network performance.</p></li>
    <li><p>Integrated security features protect sensitive business data.</p></li>
    <li><p>Diverse port selection supports a wide range of external devices and displays.</p></li>
    <li><p>Durable construction provides reliability for mobile professionals.</p></li>
</ul>",,,taxable,,1,,0,0,,,,,1,,,,Computing | Computing > Laptops | Computing > Laptops > HP Laptops | Laptops | Laptops > HP Laptops,HP ProBook | Business Laptop | Intel Core i5 | 13th Gen Processor | DDR4 RAM | NVMe SSD | FHD Display | Wi-Fi 6E | Bluetooth 5.3 | USB-C | HDMI 2.1 | RJ-45 | Fingerprint Reader | Backlit Keyboard | FreeDOS,,,,,,,,,,,0,Model,ProBook 450 G10,1,0,Processor,Intel Core i5 1334U,1,0,RAM,8GB DDR4 3200MHz,1,0,HP ProBook Laptop,"Deploy the HP ProBook Laptop with Intel Core i5 1334U processor, 8GB DDR4 RAM, and 512GB NVMe SSD. Features Wi-Fi 6E and comprehensive I/O for business.",HP ProBook 450 G10 Laptop - B39P8AT,HP ProBook 450 G10 Laptop - B39P8AT - Product Image,High-quality image of HP ProBook 450 G10 Laptop - B39P8AT showing design and features
simple,85C40EA,HP ProBook 450 G10 Laptop - 85C40EA,1,0,visible,"<h3 data-start="""" data-end="""">HP ProBook 450 G10 Laptop</h3>
<table>
<thead><tr><th></th><th></th></tr></thead>
<tbody>
<tr><td>Processor</td><td>Intel Core i5-1335U (13th Gen)</td></tr>
<tr><td>RAM</td><td>16GB DDR4 3200</td></tr>
<tr><td>Storage</td><td>512GB PCIe NVMe M.2 SSD</td></tr>
<tr><td>Display</td><td>15.6"" FHD Touch Screen</td></tr>
<tr><td>Operating System</td><td>FreeDOS</td></tr>
<tr><td>Wireless</td><td>Intel Wi-Fi 6E AX211, Bluetooth 5.3</td></tr>
<tr><td>Security</td><td>Fingerprint Reader</td></tr>
</tbody>
</table>","<h2 data-start="""" data-end="""">HP ProBook 450 G10</h2>
<p data-start="""" data-end="""">The <strong>HP ProBook 450 G10</strong> is a business-grade laptop engineered for robust performance and secure operation within corporate environments. This system integrates a 13th Gen Intel Core i5 processor with advanced DDR4 memory and a high-speed PCIe NVMe M.2 SSD, ensuring rapid data access and efficient application execution. It is designed to meet the rigorous demands of modern professional workflows, offering a critical balance of computing power, portability, and enterprise-level features. The underlying architecture supports efficient multitasking, complex data handling, and reliable network communications. Its capabilities extend to secure data access, comprehensive peripheral connectivity, and extended operational reliability, making it a dependable tool for diverse business applications.</p>

<h3 data-start="""" data-end="""">Key Features</h3>
<ul data-start="""" data-end="""">
    <li data-start="""" data-end="""">
        <p data-start="""" data-end=""""><strong>13th Generation Intel Core i5 Processor</strong><br />
        Integrates an Intel Core i5-1335U CPU, providing efficient processing power for business applications and multitasking.</p>
    </li>
    <li data-start="""" data-end="""">
        <p data-start="""" data-end=""""><strong>High-Speed Memory & Storage</strong><br />
        Equipped with 16GB DDR4 3200MHz RAM and a 512GB PCIe NVMe M.2 SSD for rapid data access and system responsiveness.</p>
    </li>
    <li data-start="""" data-end="""">
        <p data-start="""" data-end=""""><strong>15.6"" FHD Touch Display</strong><br />
        Features a 15.6-inch Full High Definition (1920x1080) touch-enabled screen, enhancing user interaction and productivity.</p>
    </li>
    <li data-start="""" data-end="""">
        <p data-start="""" data-end=""""><strong>Advanced Wireless Connectivity</strong><br />
        Includes an Intel Wi-Fi 6E AX211 (2x2) module for gigabit data rates and Bluetooth 5.3 for peripheral connections.</p>
    </li>
    <li data-start="""" data-end="""">
        <p data-start="""" data-end=""""><strong>Comprehensive Port Selection</strong></p>
        <ul data-start="""" data-end="""">
            <li>Two USB Type-C 10Gbps ports with USB Power Delivery and DisplayPort 2.1 support.</li>
            <li>Two USB Type-A 5Gbps ports, one supporting charging for external devices.</li>
            <li>One HDMI 2.1 output for external display connectivity up to 4K resolution.</li>
            <li>One RJ-45 Ethernet port for stable wired network access.</li>
            <li>One stereo headphone/microphone combo jack for audio peripherals.</li>
        </ul>
    </li>
    <li data-start="""" data-end="""">
        <p data-start="""" data-end=""""><strong>Enhanced Security Features</strong><br />
        Incorporates a Fingerprint Reader for secure biometric authentication and a Nano Security Lock Slot for physical asset protection.</p>
    </li>
    <li data-start="""" data-end="""">
        <p data-start="""" data-end=""""><strong>Integrated Communication Tools</strong><br />
        Features a 720p HD camera, dual stereo speakers, and dual array microphones for clear video conferencing and audio capture.</p>
    </li>
    <li data-start="""" data-end="""">
        <p data-start="""" data-end=""""><strong>User-Centric Design</strong><br />
        Includes a backlit keyboard for improved visibility in low-light conditions and a Pike Silver chassis for professional aesthetics.</p>
    </li>
    <li data-start="""" data-end="""">
        <p data-start="""" data-end=""""><strong>FreeDOS Operating System</strong><br />
        Comes pre-installed with FreeDOS, allowing for flexible operating system deployment tailored to specific business requirements.</p>
    </li>
</ul>

<h3 data-start="""" data-end="""">Specifications</h3>
<div class=""TyagGW_tableContainer"">
<div class=""group TyagGW_tableWrapper flex w-fit flex-col-reverse"">
<table class=""w-fit min-w-(--thread-content-width)"" data-start="""" data-end="""">
<thead>
<tr>
<th data-start="""" data-end="""" data-col-size=""sm"">Feature</th>
<th data-start="""" data-end="""" data-col-size=""md"">Specification</th>
</tr>
</thead>
<tbody>
<tr>
<td data-start="""" data-end="""" data-col-size=""sm"">Processor</td>
<td data-start="""" data-end="""" data-col-size=""md"">Intel Core i5-1335U (13th Generation)</td>
</tr>
<tr>
<td data-start="""" data-end="""" data-col-size=""sm"">Memory (RAM)</td>
<td data-start="""" data-end="""" data-col-size=""md"">16GB DDR4 3200MHz</td>
</tr>
<tr>
<td data-start="""" data-end="""" data-col-size=""sm"">Storage</td>
<td data-start="""" data-end="""" data-col-size=""md"">512GB PCIe NVMe M.2 SSD</td>
</tr>
<tr>
<td data-start="""" data-end="""" data-col-size=""sm"">Operating System</td>
<td data-start="""" data-end="""" data-col-size=""md"">FreeDOS</td>
</tr>
<tr>
<td data-start="""" data-end="""" data-col-size=""sm"">Display</td>
<td data-start="""" data-end="""" data-col-size=""md"">15.6"" FHD (1920x1080) Touch Screen</td>
</tr>
<tr>
<td data-start="""" data-end="""" data-col-size=""sm"">Optical Drive</td>
<td data-start="""" data-end="""" data-col-size=""md"">None</td>
</tr>
<tr>
<td data-start="""" data-end="""" data-col-size=""sm"">Wireless Connectivity</td>
<td data-start="""" data-end="""" data-col-size=""md"">Intel Wi-Fi 6E AX211 (2x2), Bluetooth 5.3</td>
</tr>
<tr>
<td data-start="""" data-end="""" data-col-size=""sm"">Camera</td>
<td data-start="""" data-end="""" data-col-size=""md"">720p HD Camera</td>
</tr>
<tr>
<td data-start="""" data-end="""" data-col-size=""sm"">Audio</td>
<td data-start="""" data-end="""" data-col-size=""md"">Dual stereo speakers, dual array microphones</td>
</tr>
<tr>
<td data-start="""" data-end="""" data-col-size=""sm"">Security</td>
<td data-start="""" data-end="""" data-col-size=""md"">Fingerprint Reader, Nano Security Lock Slot</td>
</tr>
<tr>
<td data-start="""" data-end="""" data-col-size=""sm"">Keyboard</td>
<td data-start="""" data-end="""" data-col-size=""md"">Backlit Keyboard</td>
</tr>
<tr>
<td data-start="""" data-end="""" data-col-size=""sm"">Color</td>
<td data-start="""" data-end="""" data-col-size=""md"">Pike Silver</td>
</tr>
<tr>
<td data-start="""" data-end="""" data-col-size=""sm"">Ports</td>
<td data-start="""" data-end="""" data-col-size=""md"">2x USB Type-C 10Gbps (PD, DP 2.1), 2x USB Type-A 5Gbps (1 charging), 1x HDMI 2.1, 1x RJ-45, 1x Headphone/Mic combo, 1x AC power</td>
</tr>
<tr>
<td data-start="""" data-end="""" data-col-size=""sm"">Warranty</td>
<td data-start="""" data-end="""" data-col-size=""md"">1 Year (from Seller)</td>
</tr>
</tbody>
</table>
</div>
</div>

<h3 data-start="""" data-end="""">What's in the Box</h3>
<ul>
    <li><p>HP ProBook 450 G10 Laptop (85C40EA)</p></li>
    <li><p>AC Power Adapter</p></li>
    <li><p>Documentation and Setup Guide</p></li>
</ul>

<h3 data-start="""" data-end="""">Why Choose This ProBook System</h3>
<ul>
    <li><p>This laptop provides a robust platform for business operations, combining a powerful Intel processor with fast storage and memory for critical applications.</p></li>
    <li><p>The device offers enhanced data security through its integrated fingerprint reader, protecting sensitive information from unauthorized access.</p></li>
    <li><p>Equipped with modern connectivity options, including Wi-Fi 6E and multiple USB-C ports, the system ensures efficient data transfer and peripheral integration.</p></li>
    <li><p>The touch-enabled Full HD display improves user interaction and productivity for various professional tasks, adapting to diverse workflows.</p></li>
</ul>",,,taxable,,1,,0,0,,,,,1,,,77000,Computing | Computing > Laptops | Computing > Laptops > HP Laptops | Laptops | Laptops > HP Laptops,HP ProBook | 450 G10 | Business Laptop | Core i5 13th Gen | DDR4 RAM | NVMe SSD | FreeDOS Laptop | FHD Touch Screen | Wi-Fi 6E | Bluetooth 5.3 | Fingerprint Reader | Backlit Keyboard | USB-C Laptop | HDMI 2.1 | RJ-45,,,,,,,,,,,0,Processor,Intel Core i5-1335U (13th Gen),1,0,RAM,16GB DDR4 3200MHz,1,0,Storage,512GB PCIe NVMe M.2 SSD,1,0,HP ProBook 450 G10,"The HP ProBook 450 G10 is a business laptop featuring an i5-1335U, 16GB RAM, 512GB SSD, and a 15.6"" FHD touch screen. Secure and efficient.",HP ProBook 450 G10 Laptop - 85C40EA,HP ProBook 450 G10 Laptop - 85C40EA - Product Image,High-quality image of HP ProBook 450 G10 Laptop - 85C40EA showing design and features
simple,822P5UT,HP ProBook 450 G10 Business Laptop - 822P5UT,1,0,visible,"<h3 data-start=""1"" data-end=""1"">HP ProBook 450 G10 Business Laptop</h3>
<table>
<thead><tr><th></th><th></th></tr></thead>
<tbody>
<tr><td>Processor</td><td>Intel Core i7-1355U</td></tr>
<tr><td>RAM</td><td>16GB DDR4-3200</td></tr>
<tr><td>Storage</td><td>512GB PCIe NVMe M.2 SSD</td></tr>
<tr><td>Display</td><td>15.6"" FHD</td></tr>
<tr><td>Operating System</td><td>Windows 11 Pro</td></tr>
<tr><td>Wireless</td><td>Wi-Fi 6E, Bluetooth 5.3</td></tr>
<tr><td>Security</td><td>Fingerprint Reader</td></tr>
</tbody>
</table>","<h2 data-start=""1"" data-end=""1"">HP ProBook 450 G10</h2>
<p data-start=""2"" data-end=""2"">The <strong>HP ProBook Laptop</strong>, model 450 G10, provides robust performance for business environments. This system integrates an Intel Core i7 13th generation processor with a fast SSD for responsive operation. Designed for professional users, it offers essential security features and comprehensive connectivity options. Its architecture supports demanding applications and multitasking workloads efficiently.</p>

<h3 data-start=""3"" data-end=""3"">Key Features</h3>
<ul data-start=""4"" data-end=""4"">
 <li data-start=""5"" data-end=""5"">
     <p data-start=""6"" data-end=""6""><strong>Advanced Processing Power</strong><br />
     Equipped with an Intel Core i7-1355U processor, this laptop delivers efficient performance for complex business tasks.</p>
 </li>
 <li data-start=""7"" data-end=""7"">
     <p data-start=""8"" data-end=""8""><strong>High-Speed Memory and Storage</strong><br />
     Features 16GB of DDR4-3200 RAM and a 512GB PCIe NVMe M.2 SSD for rapid data access and system responsiveness.</p>
 </li>
 <li data-start=""9"" data-end=""9"">
     <p data-start=""10"" data-end=""10""><strong>Secure Operating Environment</strong><br />
     Pre-installed with Windows 11 Pro, offering enhanced security features and management capabilities for corporate networks.</p>
 </li>
 <li data-start=""11"" data-end=""11"">
     <p data-start=""12"" data-end=""12""><strong>Comprehensive Connectivity</strong></p>
     <ul data-start=""13"" data-end=""13"">
         <li>Two USB Type-C ports with 10Gbps signaling rate, supporting USB Power Delivery and DisplayPort 2.1.</li>
         <li>Two USB Type-A ports with 5Gbps signaling rate, one providing charging functionality.</li>
         <li>An HDMI 2.1 port for external display connections.</li>
         <li>An RJ-45 Ethernet port for stable wired network access.</li>
         <li>Realtek Wi-Fi 6E (2x2) and Bluetooth 5.3 wireless capabilities.</li>
     </ul>
 </li>
 <li data-start=""14"" data-end=""14"">
     <p data-start=""15"" data-end=""15""><strong>Integrated Security Measures</strong><br />
     Includes a Fingerprint Reader for secure authentication and a Nano Security Lock Slot for physical asset protection.</p>
 </li>
 <li data-start=""16"" data-end=""16"">
     <p data-start=""17"" data-end=""17""><strong>User-Centric Design</strong><br />
     A 15.6-inch Full HD display provides clear visuals. The backlit keyboard facilitates typing in various lighting conditions. Dual stereo speakers and dual array microphones enhance communication.</p>
 </li>
</ul>

<h3 data-start=""18"" data-end=""18"">Specifications</h3>
<div class=""TyagGW_tableContainer"">
<div class=""group TyagGW_tableWrapper flex w-fit flex-col-reverse"">
<table class=""w-fit min-w-(--thread-content-width)"" data-start=""19"" data-end=""19"">
<thead>
<tr>
<th data-start=""20"" data-end=""20"" data-col-size=""sm"">Feature</th>
<th data-start=""21"" data-end=""21"" data-col-size=""md"">Specification</th>
</tr>
</thead>
<tbody>
<tr>
<td data-start=""22"" data-end=""22"" data-col-size=""sm"">Model</td>
<td data-start=""23"" data-end=""23"" data-col-size=""md"">HP ProBook 450 G10</td>
</tr>
<tr>
<td data-start=""24"" data-end=""24"" data-col-size=""sm"">Processor</td>
<td data-start=""25"" data-end=""25"" data-col-size=""md"">Intel Core i7-1355U (13th Gen)</td>
</tr>
<tr>
<td data-start=""26"" data-end=""26"" data-col-size=""sm"">RAM</td>
<td data-start=""27"" data-end=""27"" data-col-size=""md"">16GB DDR4-3200 MHz</td>
</tr>
<tr>
<td data-start=""28"" data-end=""28"" data-col-size=""sm"">Storage</td>
<td data-start=""29"" data-end=""29"" data-col-size=""md"">512GB PCIe NVMe M.2 SSD</td>
</tr>
<tr>
<td data-start=""30"" data-end=""30"" data-col-size=""sm"">Operating System</td>
<td data-start=""31"" data-end=""31"" data-col-size=""md"">Windows 11 Pro</td>
</tr>
<tr>
<td data-start=""32"" data-end=""32"" data-col-size=""sm"">Display</td>
<td data-start=""33"" data-end=""33"" data-col-size=""md"">15.6"" Full HD (1920 x 1080)</td>
</tr>
<tr>
<td data-start=""34"" data-end=""34"" data-col-size=""sm"">Graphics</td>
<td data-start=""35"" data-end=""35"" data-col-size=""md"">Integrated Intel Iris Xe Graphics</td>
</tr>
<tr>
<td data-start=""36"" data-end=""36"" data-col-size=""sm"">Wireless</td>
<td data-start=""37"" data-end=""37"" data-col-size=""md"">Realtek Wi-Fi 6E RTL8852CE (2x2), Bluetooth 5.3</td>
</tr>
<tr>
<td data-start=""38"" data-end=""38"" data-col-size=""sm"">Camera</td>
<td data-start=""39"" data-end=""39"" data-col-size=""md"">720p HD Camera</td>
</tr>
<tr>
<td data-start=""40"" data-end=""40"" data-col-size=""sm"">Audio</td>
<td data-start=""41"" data-end=""41"" data-col-size=""md"">Dual stereo speakers, dual array microphones</td>
</tr>
<tr>
<td data-start=""42"" data-end=""42"" data-col-size=""sm"">Keyboard</td>
<td data-start=""43"" data-end=""43"" data-col-size=""md"">Backlit Keyboard</td>
</tr>
<tr>
<td data-start=""44"" data-end=""44"" data-col-size=""sm"">Security</td>
<td data-start=""45"" data-end=""45"" data-col-size=""md"">Fingerprint Reader, Nano Security Lock Slot</td>
</tr>
<tr>
<td data-start=""46"" data-end=""46"" data-col-size=""sm"">Ports</td>
<td data-start=""47"" data-end=""47"" data-col-size=""md"">2x USB Type-C (10Gbps, PD, DP 2.1), 2x USB Type-A (5Gbps, 1 charging), 1x HDMI 2.1, 1x RJ-45, 1x Headphone/Mic combo, 1x AC power</td>
</tr>
<tr>
<td data-start=""48"" data-end=""48"" data-col-size=""sm"">Color</td>
<td data-start=""49"" data-end=""49"" data-col-size=""md"">Pike Silver</td>
</tr>
<tr>
<td data-start=""50"" data-end=""50"" data-col-size=""sm"">Warranty</td>
<td data-start=""51"" data-end=""51"" data-col-size=""md"">1 Year from Seller</td>
</tr>
</tbody>
</table>
</div>
</div>

<h3 data-start=""52"" data-end=""52"">What's in the Box</h3>
<ul data-start=""53"" data-end=""53"">
 <li><p>HP ProBook 450 G10 Laptop</p></li>
 <li><p>AC Power Adapter</p></li>
 <li><p>Documentation</p></li>
</ul>

<h3 data-start=""54"" data-end=""54"">Why Choose HP ProBook 450 G10 Business Laptop</h3>
<ul data-start=""55"" data-end=""55"">
 <li><p>This device offers robust performance with its 13th Gen Intel Core i7 processor, ensuring efficient task execution.</p></li>
 <li><p>Integrated Wi-Fi 6E and Bluetooth 5.3 provide advanced wireless connectivity for reliable network access.</p></li>
 <li><p>The system's comprehensive port selection, including USB Type-C with Power Delivery and DisplayPort, supports diverse peripheral integration.</p></li>
 <li><p>Enhanced security features like a fingerprint reader protect sensitive business data.</p></li>
 <li><p>Windows 11 Pro delivers a stable and secure platform for enterprise operations.</p></li>
</ul>",,,taxable,,1,,0,0,,,,,1,,,95000,Computing | Computing > Laptops | Computing > Laptops > HP Laptops,HP ProBook | Business Laptop | Intel Core i7 | 13th Gen | Windows 11 Pro | 16GB RAM | 512GB SSD | PCIe NVMe | Wi-Fi 6E | Bluetooth 5.3 | FHD Display | USB-C | HDMI 2.1 | RJ-45 | Fingerprint Reader | Backlit Keyboard | Enterprise Notebook,,,,,,,,,,,0,Processor,Intel Core i7-1355U,1,0,RAM,16GB DDR4-3200,1,0,Storage,512GB PCIe NVMe M.2 SSD,1,0,HP ProBook Laptop,"The HP ProBook Laptop 450 G10 offers Intel Core i7 13th Gen processing, 16GB RAM, and a 512GB NVMe SSD. Features Windows 11 Pro, Wi-Fi 6E, and robust security.",HP ProBook 450 G10 Business Laptop - 822P5UT,HP ProBook 450 G10 Business Laptop - 822P5UT - Product Image,High-quality image of HP ProBook 450 G10 Business Laptop - 822P5UT showing design and features
